bigram,freq
hard drive,357
command line,328
quot quot,316
ip address,247
google chrome,221
batch file,204
dual boot,201
ms word,184
remote desktop,181
windows server,177
windows update,168
virtual machine,165
raspberry pi,154
windows explorer,146
wi fi,145
microsoft word,143
using ffmpeg,139
file explorer,138
visual studio,137
windows terminal,133
port forwarding,132
kali linux,128
command prompt,126
start menu,116
task scheduler,114
internet connection,111
boot windows,110
hard disk,108
keyboard shortcut,106
excel formula,104
mac os,101
usb drive,101
quot windows,99
install windows,97
windows pro,97
windows pc,96
macbook pro,95
external hard,95
windows file,91
big sur,91
local network,91
task manager,90
conditional formatting,90
quot error,89
black screen,89
bash script,87
linux mint,85
home network,85
google drive,84
text file,83
context menu,83
public ip,82
stopped working,81
even though,81
windows defender,80
pivot table,80
flash drive,79
windows boot,78
windows machine,78
windows installation,78
file name,76
microsoft edge,75
arch linux,74
word document,73
windows system,73
files windows,72
error quot,72
right click,71
windows laptop,70
file system,70
sd card,70
change default,70
windows search,69
microsoft excel,69
windows windows,69
virtual box,69
permission denied,68
static ip,68
secure boot,68
cpu usage,68
batch script,68
docker container,67
external drive,67
usb device,67
make windows,66
powershell script,66
via ssh,66
two different,65
dns server,65
windows quot,64
usb flash,64
usb port,64
excel vba,63
windows taskbar,63
vmware workstation,62
windows home,62
public key,62
ubuntu server,62
access denied,61
microsoft teams,61
copy paste,61
external monitor,61
get rid,61
keyboard layout,60
ubuntu lts,60
windows linux,60
windows install,59
graphics card,59
file windows,59
every time,59
windows command,59
mac address,59
access point,58
folder windows,58
using windows,57
remote server,57
working windows,56
operating system,56
ms excel,56
ip addresses,56
set default,55
linux windows,55
cell value,54
possible use,54
tp link,54
open file,53
usb stick,53
bootable usb,53
windows task,53
ssh connection,53
ssh key,51
file directory,51
using powershell,50
gb ram,50
need help,50
device manager,50
drive windows,50
windows using,50
reverse proxy,50
usb hub,49
delete files,49
studio code,49
windows computer,49
unable connect,49
file using,49
internet access,48
multiple files,48
wifi network,48
macos big,48
quot command,48
network adapter,48
change windows,47
create new,47
user account,47
hard drives,47
access windows,46
network drive,46
full screen,46
docking station,46
without using,46
bat file,46
high cpu,46
address bar,46
web server,45
vs code,45
windows desktop,45
copy files,45
via usb,44
shared folder,44
network connection,44
shell script,44
alt tab,44
external hdd,44
windows start,43
excel file,43
macos catalina,43
libreoffice calc,43
error message,43
prevent windows,43
one column,43
windows host,43
ftp server,43
another column,42
laptop screen,42
found quot,42
error code,42
another cell,42
wsl ubuntu,42
second monitor,42
ubuntu windows,42
new tab,42
running windows,42
installing windows,41
windows xp,41
active directory,41
connect internet,41
one cell,41
wifi router,41
environment variable,41
wsl windows,40
media player,40
windows ubuntu,40
microsoft office,40
windows batch,40
trying install,40
update windows,40
keyboard shortcuts,40
windows without,39
private key,39
boot menu,39
network interface,39
file quot,39
ethernet cable,39
quot system,39
via command,39
boot usb,39
power supply,38
server using,38
best way,38
works fine,38
keyboard mouse,38
windows usb,38
blue screen,38
new windows,37
windows vm,37
using command,37
login screen,37
run windows,37
stops working,37
file size,36
safe mode,36
disk space,36
linux kernel,36
quot file,36
unable boot,36
upgrade windows,36
unable install,36
linux server,36
disable quot,35
control panel,35
microsoft account,35
nvme ssd,35
git bash,35
virtualbox vm,35
power query,35
host machine,35
hp laptop,35
virtual machines,35
microsoft outlook,34
server windows,34
quot find,34
boot device,34
pdf file,34
quot open,34
another computer,34
windows guest,34
power button,34
another sheet,34
find replace,34
chrome browser,34
vpn server,33
ubuntu wsl,33
windows firewall,33
command found,33
wifi adapter,33
chrome extension,33
synology nas,33
local machine,33
file transfer,33
adobe acrobat,33
windows partition,33
windows powershell,33
pop os,32
work windows,32
boot manager,32
vpn client,32
file names,32
user profile,32
files folder,32
using keyboard,32
audio video,32
index match,32
video file,31
error trying,31
lock screen,31
windows media,31
vpn connection,31
ssh server,31
desktop connection,31
search results,31
using quot,31
group policy,31
date time,31
ssh tunnel,31
microsoft windows,31
email address,31
explorer exe,31
port forward,31
special characters,31
windows cmd,31
windows drive,30
free space,30
external usb,30
use windows,30
windows updates,30
dell inspiron,30
ssl certificate,30
wifi connection,30
usb devices,30
quot option,30
real time,30
connect two,30
excel sheet,30
pdf files,30
sql server,30
possible create,30
windows os,30
add new,30
youtube dl,30
data excel,30
cmd exe,30
excel cell,29
run command,29
laptop battery,29
disable windows,29
font size,29
folder name,29
way make,29
dell xps,29
task bar,29
windows store,28
virtual desktop,28
long time,28
vba code,28
desktop app,28
files folders,28
audio file,28
booting windows,28
exe file,28
windows user,28
windows remote,28
windows wsl,28
samba share,28
bluetooth headset,28
getting error,28
specific folder,28
working properly,28
multiple columns,28
windows subsystem,28
file folder,28
two columns,27
windows folder,27
using ssh,27
domain name,27
screen windows,27
excel files,27
boot ubuntu,27
two routers,27
network share,27
web browser,27
guest os,27
multiple cells,27
default gateway,27
refresh rate,27
first time,27
cell excel,27
partition windows,27
read write,27
hosts file,27
dark mode,27
video audio,27
open windows,27
disk image,27
quot folder,27
remote access,27
get back,27
systemd service,26
remove quot,26
internet speed,26
microsoft store,26
usb ports,26
two separate,26
video using,26
macbook air,26
ubuntu vm,26
linux system,26
download speed,26
desktop windows,26
bios update,26
bluetooth device,26
scheduled task,26
ms teams,26
memory usage,26
root user,26
apt get,26
multiple rows,26
set windows,26
open new,26
device windows,26
external ssd,26
across multiple,25
recycle bin,25
home directory,25
ec instance,25
zip files,25
move files,25
mp file,25
dual booting,25
find files,25
excel table,25
explorer windows,25
taskbar windows,25
audio device,25
connection refused,25
windows version,25
get windows,25
rename files,25
copy file,25
quick access,25
boot partition,25
linux command,25
linux ubuntu,25
unable access,25
fix quot,25
windows application,25
windows change,25
connected via,25
copying files,25
using usb,25
sublime text,24
another user,24
user password,24
version windows,24
windows hello,24
files without,24
ssh windows,24
files using,24
windows network,24
macos monterey,24
file path,24
linux machine,24
self signed,24
two windows,24
symbolic link,24
program files,24
ssh config,24
config file,24
windows disk,24
linux terminal,24
two monitors,24
lenovo laptop,24
fresh install,24
stop working,24
delete folder,24
stop windows,24
username password,24
time machine,24
web page,24
sleep mode,24
mbr gpt,24
background color,23
access internet,23
mouse cursor,23
environment variables,23
registry key,23
table excel,23
ms office,23
partition table,23
value column,23
lenovo ideapad,23
dell laptop,23
dhcp server,23
using batch,23
lenovo thinkpad,23
drive letter,23
operation permitted,23
default browser,23
via powershell,23
output file,23
efi partition,23
open quot,23
mp files,23
wake lan,23
surface pro,23
log file,23
subsystem linux,23
value another,23
new pc,23
device quot,23
powershell command,23
value cell,23
nvidia driver,23
vmware player,23
zip file,23
windows registry,23
txt file,23
file without,23
python script,23
nvidia gpu,23
without losing,23
way use,22
multiple times,22
excel pivot,22
use quot,22
use laptop,22
laptop boot,22
force windows,22
internet explorer,22
opening file,22
laptop windows,22
delete file,22
every seconds,22
ssh keys,22
aws ec,22
getting quot,22
name quot,22
cmd powershell,22
new ssd,22
csv file,22
desktop pc,22
windows dual,22
chart excel,22
ubuntu linux,22
menu windows,22
multiple lines,22
disk drive,22
remote machine,22
external monitors,22
disk usage,22
raid array,22
one computer,22
dual monitor,22
bad sectors,22
files directory,22
usb usb,22
install linux,22
way get,22
reinstalling windows,22
ctrl alt,22
boot loader,22
server via,22
application windows,22
search bar,22
excel data,22
system quot,22
one specific,22
get quot,22
quot run,21
specific ip,21
files one,21
reset windows,21
admin rights,21
app windows,21
google search,21
double click,21
device connected,21
quot network,21
openvpn server,21
ssd drive,21
internal network,21
password protected,21
return value,21
working expected,21
usr bin,21
kvm switch,21
word mac,21
local user,21
live usb,21
quot using,21
mouse button,21
ffmpeg command,21
value excel,21
without changing,21
find quot,21
windows upgrade,21
install ubuntu,21
multiple criteria,21
windows service,21
create shortcut,21
windows display,21
usb cable,21
connected usb,21
current directory,21
network traffic,21
brand new,21
network interfaces,21
local ip,21
boot linux,21
possible make,21
recover data,21
android studio,21
unable use,20
way create,20
windows installer,20
get list,20
windows login,20
driver windows,20
login windows,20
virt manager,20
failed quot,20
connect server,20
default windows,20
hdd ssd,20
libreoffice writer,20
count number,20
find file,20
running linux,20
system tray,20
windows use,20
possible change,20
using external,20
windows startup,20
brave browser,20
file extension,20
video ffmpeg,20
laptop keyboard,20
ipv address,20
possible set,20
function excel,20
outlook calendar,20
virtual desktops,20
minecraft server,20
connect wifi,20
ctrl shift,20
date format,20
command output,20
recovery partition,20
file linux,20
windows enterprise,20
gnome terminal,19
disk management,19
connected vpn,19
windows sandbox,19
windows security,19
cell based,19
frame rate,19
screen death,19
time windows,19
remote host,19
unable open,19
chrome windows,19
remote computer,19
navigation pane,19
values column,19
user folder,19
search engine,19
specific text,19
virtualbox windows,19
windows key,19
windows keyboard,19
access local,19
values excel,19
run script,19
program windows,19
deleted files,19
asus laptop,19
host os,19
asus rog,19
non root,19
using vpn,19
using cpu,19
net framework,19
file type,19
regex select,19
new line,19
devices connected,19
large file,19
new laptop,19
docker image,19
trying use,19
data one,19
extremely slow,19
file history,19
ethernet adapter,19
folder quot,19
ntfs partition,19
windows bit,19
use usb,19
ethernet port,19
usb wifi,19
different user,19
ms access,19
system image,19
message quot,19
lt gt,19
folders windows,19
mouse keyboard,19
use ffmpeg,19
access bios,18
excel chart,18
excel column,18
gives error,18
text box,18
android phone,18
another pc,18
use one,18
pc boot,18
modem router,18
moving files,18
every minutes,18
two computers,18
audio track,18
side side,18
windows app,18
system partition,18
programs windows,18
plain text,18
command windows,18
left click,18
gets stuck,18
one line,18
column excel,18
based value,18
many arguments,18
connect windows,18
drag drop,18
using cmd,18
hp pavilion,18
new computer,18
use excel,18
files different,18
google meet,18
multiple values,18
route traffic,18
boot bios,18
google sheets,18
audio files,18
linux vm,18
denied quot,18
regex find,18
boot options,18
cells excel,18
files quot,18
keyboard working,18
unable find,17
possible install,17
admin password,17
html tag,17
quot work,17
youtube video,17
detected windows,17
error installing,17
windows settings,17
acrobat reader,17
copy text,17
installed windows,17
blank screen,17
lid closed,17
execute command,17
running ubuntu,17
folder using,17
hyper vm,17
iso file,17
docker desktop,17
google cloud,17
behind nat,17
virtualbox guest,17
usb ethernet,17
monitor windows,17
download files,17
bridge mode,17
git repository,17
column based,17
usb keyboard,17
windows running,17
new files,17
windows via,17
unallocated space,17
start windows,17
line break,17
excel find,17
unable run,17
product key,17
line windows,17
excel using,17
bash command,17
create windows,17
system drive,17
drive using,17
excel conditional,17
fix windows,17
specific file,17
new window,17
chrome quot,17
table contents,17
recover files,17
line chart,17
quot failed,17
list files,17
ms outlook,17
quot add,17
mkv mp,17
windows virtual,17
excel workbook,17
third party,17
file server,17
failed start,17
bar chart,16
set quot,16
using excel,16
stuck quot,16
windows apps,16
linux host,16
mail merge,16
caps lock,16
wifi card,16
date range,16
windows insider,16
mode quot,16
acer aspire,16
suddenly stopped,16
pc quot,16
way disable,16
operating systems,16
set custom,16
boot loop,16
vnc server,16
single cell,16
local file,16
key windows,16
parent folder,16
accidentally deleted,16
via cmd,16
files directories,16
download file,16
linux distro,16
another drive,16
cpu core,16
windows iso,16
add quot,16
data validation,16
dell latitude,16
dell optiplex,16
reinstall windows,16
password prompt,16
ssh public,16
vlc media,16
unicode characters,16
one drive,16
already installed,16
two cells,16
settings windows,16
windows slow,16
quot button,16
using wsl,16
open files,16
language windows,16
pc without,16
run batch,16
monitor setup,16
wireless network,16
shortcut windows,16
windows run,16
user login,16
go back,16
mac osx,16
multiple monitors,16
left right,16
firewall rules,16
pdf document,16
old windows,16
run administrator,16
windows backup,16
safe use,16
non admin,16
windows setup,16
video files,16
socks proxy,16
working ubuntu,16
pc windows,16
quot files,16
cell another,16
folders files,16
adding new,16
usb boot,16
trying run,16
data quot,16
connect vpn,16
using two,16
power bi,16
run multiple,16
usb hard,16
different subnet,16
without encoding,16
unable get,16
bluetooth headphones,16
would like,16
quot google,16
computer boot,16
network card,16
connection reset,16
turn windows,16
virtual disk,16
says quot,16
different ip,16
value based,16
screen resolution,16
rows excel,15
connect via,15
windows showing,15
bios boot,15
mac terminal,15
mouse pointer,15
quot device,15
bit bit,15
compare two,15
laptop power,15
run exe,15
boot time,15
another device,15
hp elitebook,15
ethernet connection,15
connected router,15
outlook web,15
installing ubuntu,15
keyboard input,15
manjaro linux,15
text files,15
system windows,15
tar gz,15
page number,15
merge two,15
columns excel,15
windows time,15
using linux,15
issue windows,15
chrome os,15
prompt windows,15
external display,15
ffmpeg concat,15
vm host,15
laptop usb,15
excel use,15
option quot,15
make chrome,15
command quot,15
windows stuck,15
ms edge,15
use specific,15
domain user,15
user windows,15
luks encrypted,15
system files,15
excel power,15
system find,15
start end,15
way find,15
windows booting,15
laptop display,15
vm virtualbox,15
uefi boot,15
alpine linux,15
network using,15
drive desktop,15
without password,15
word table,15
change color,15
select text,15
different network,15
file types,15
data loss,15
excel sum,15
large files,15
connect pc,15
realtek audio,15
sftp server,15
via ethernet,15
connect local,15
regular expression,15
format excel,15
row excel,15
using vba,15
applications windows,15
unable change,15
one file,15
zoom meeting,15
nvidia drivers,15
home router,15
keys keyboard,15
data another,15
factory reset,15
way set,15
desktop shortcut,15
title bar,15
quot microsoft,15
multiple windows,15
port open,15
connecting windows,15
based cell,15
home server,15
error using,15
quot access,15
read file,15
windows screen,15
nvme drive,15
event viewer,15
exe windows,15
cell reference,15
could cause,15
file sharing,15
