index,0
external hard drive,80
windows file explorer,54
usb flash drive,53
visual studio code,48
macos big sur,47
dual boot windows,38
quot quot quot,38
via command line,32
windows command line,31
windows task scheduler,30
remote desktop connection,30
windows start menu,30
high cpu usage,29
public ip address,27
windows subsystem linux,23
using command line,23
windows remote desktop,22
windows batch file,20
windows command prompt,20
windows media player,19
video using ffmpeg,19
windows boot manager,18
blue screen death,16
vlc media player,16
static ip address,16
excel pivot table,16
excel conditional formatting,15
quot find quot,15
windows dual boot,15
ubuntu dual boot,14
excel power query,14
command line windows,14
google drive desktop,14
ssh public key,14
inaccessible boot device,14
dual boot ubuntu,14
chrome remote desktop,14
file explorer windows,14
vmware workstation player,13
system find file,13
quot open quot,13
quot system quot,13
permission denied publickey,13
quot access denied,13
adobe acrobat reader,12
apt get update,12
linux command line,12
run batch file,12
using batch file,12
windows task manager,12
find file specified,12
nginx reverse proxy,12
suddenly stopped working,12
os big sur,11
self signed certificate,11
specific ip address,11
access denied quot,11
right click menu,11
partition dual boot,11
windows virtual machine,11
conditional formatting based,11
hard disk drive,11
usb hard drive,11
microsoft word mac,11
map network drive,11
open new tab,11
task scheduler run,11
usb wifi adapter,10
enabling secure boot,10
snip amp sketch,10
router access point,10
google chrome browser,10
dual boot linux,10
acrobat reader dc,10
port forwarding working,10
aws ec instance,10
host windows guest,10
internal hard drive,10
linux dual boot,10
start menu search,10
start menu windows,10
windows login screen,10
internal external command,10
apache reverse proxy,10
mac os big,10
command line without,10
external hard disk,10
file using ffmpeg,10
quot command found,9
usb docking station,9
tp link archer,9
disable windows defender,9
dual monitor setup,9
command found quot,9
input output error,9
tp link router,9
command prompt windows,9
dual boot system,9
remote desktop windows,9
many arguments function,9
windows hello pin,9
recognized internal external,9
boot windows ubuntu,9
system reserved partition,9
quot save quot,9
windows explorer exe,9
value another column,9
virtual machine platform,9
batch file windows,9
intel hd graphics,8
path environment variable,8
ghz wi fi,8
unable locate package,8
run powershell script,8
windows defender windows,8
windows defender firewall,8
microsoft remote desktop,8
without data loss,8
git bash windows,8
time machine backup,8
error code xc,8
entered many arguments,8
file specified quot,8
unable connect internet,8
windows context menu,8
command line options,8
wireless access point,8
rename multiple files,8
context menu windows,8
quot even though,8
select proper boot,7
without internet connection,7
sudo apt get,7
apache web server,7
high memory usage,7
destination host unreachable,7
run different user,7
wi fi router,7
net err cert,7
windows update error,7
wi fi network,7
windows search bar,7
windows batch script,7
non root user,7
denied quot error,7
ssh port forwarding,7
powered usb hub,7
hard drive windows,7
non admin user,7
without admin rights,7
old hard drive,7
private ip address,7
proper boot device,7
whea uncorrectable error,7
excel index match,7
one ip address,7
using remote desktop,7
another cell value,7
external usb hard,7
port forwarding work,7
vmware workstation pro,7
windows task bar,7
new context menu,7
vmware virtual machine,7
unable install windows,7
quot permission denied,7
batch file run,7
windows explorer search,7
chromium based browsers,7
different ip addresses,7
dual booting windows,7
copy amp paste,7
value another cell,7
values one column,7
boot windows usb,6
excel google sheets,6
local ip address,6
remote server via,6
boot linux windows,6
reboot select proper,6
quot context menu,6
using keyboard shortcut,6
google drive folder,6
ctrl alt del,6
takes long time,6
quot entered many,6
set port forwarding,6
secure boot enabled,6
windows black screen,6
micro sd card,6
excel data validation,6
based cell value,6
keyboard layout windows,6
gb ram gb,6
text microsoft word,6
two hard drives,6
pivot table excel,6
connect ftp server,6
read file system,6
quot operating system,6
drag amp drop,6
connection reset peer,6
operating system found,6
quot run administrator,6
virtual machine windows,6
quot quot windows,6
local user account,6
using public ip,6
custom keyboard layout,6
full screen mode,6
block internet access,6
user profile folder,6
permission denied error,6
connecting remote desktop,6
quot system find,6
permission denied quot,6
get rid quot,6
tp link tl,6
site site vpn,6
without losing data,6
run administrator quot,6
values another column,6
excel vba code,6
wi fi connection,6
ms word document,6
raspberry pi os,6
installing kali linux,6
windows insider program,6
operation permitted quot,6
microsoft edge chromium,6
change screen resolution,6
bootable usb flash,6
upgrade windows windows,6
mid macbook pro,6
mac big sur,6
unable boot windows,6
windows store app,6
based value another,6
microsoft word document,6
firefox address bar,6
chrome dev tools,6
windows search box,6
hkey classes root,6
error open display,6
usb ethernet adapter,6
command line powershell,6
index match function,6
asus rog strix,5
media creation tool,5
virtual machine vmware,5
command line tools,5
connected usb hub,5
switching virtual desktops,5
click context menu,5
quot read quot,5
windows explorer context,5
connected via usb,5
connected wi fi,5
black screen cursor,5
mac keyboard shortcut,5
laptop hard drive,5
failure name resolution,5
temporary failure name,5
files current directory,5
windows explorer open,5
guest windows host,5
server local network,5
usb flash drives,5
asus tuf gaming,5
using batch script,5
change default browser,5
change keyboard layout,5
ssh known hosts,5
hard drive detected,5
kali linux windows,5
web server via,5
usb keyboard mouse,5
keyboard shortcut quot,5
run scheduled task,5
virtual machine host,5
microsoft defender antivirus,5
boot ubuntu windows,5
user account windows,5
keyboard shortcut select,5
connect wi fi,5
exchange identification read,5
one folder another,5
way make windows,5
quot shutdown quot,5
efi system partition,5
quot sent quot,5
acer aspire laptop,5
change font size,5
keyboard shortcut windows,5
ms word mac,5
space left device,5
windows openssh server,5
folder windows explorer,5
wi fi networks,5
windows lock screen,5
windows file history,5
find quot quot,5
dual boot win,5
ubuntu wsl windows,5
err cert authority,5
right click context,5
ssh config file,5
quot grep quot,5
etc resolv conf,5
across multiple sheets,5
reverse ssh tunnel,5
batch rename files,5
us international keyboard,5
new hard drive,5
windows hard drive,5
boot device error,5
ip address router,5
server via ssh,5
google chrome extensions,5
windows surface pro,5
libre office calc,5
pressing power button,5
quot file quot,5
windows hosts file,5
file text file,5
new tab page,5
youtube dl ffmpeg,5
cert authority invalid,5
virtualbox windows host,5
valid ip configuration,5
powershell script copy,5
clean install windows,5
laptop black screen,5
quick access toolbar,5
stuck boot loop,5
command line arguments,5
using command prompt,5
data one sheet,5
using youtube dl,5
new windows laptop,5
found quot error,5
server remote desktop,5
arguments function quot,5
regex find html,5
quot bin sh,5
text file using,5
mac os catalina,5
samsung evo plus,5
explorer context menu,5
oracle virtual box,5
internet download speed,5
windows fresh install,5
via batch file,5
find replace text,5
install visual studio,5
last modified date,5
error trying install,5
dell inspiron laptop,5
outlook web app,5
remote port forwarding,5
second hard drive,5
software microsoft windows,5
file explorer window,5
key quot quot,5
active directory domain,5
access raspberry pi,5
open new window,5
based another column,5
wireless keyboard mouse,5
stopped working windows,5
notepad using regex,5
microsoft office word,5
remote server ssh,5
quot windows update,5
one cell another,5
raspberry pi running,5
linux subsystem windows,5
via remote desktop,5
virtual desktops windows,5
virtual box vm,5
access public ip,5
create bootable usb,5
power shell script,5
raspberry pi via,5
create desktop shortcut,5
laptop usb port,5
trying install windows,5
macos high sierra,5
kex exchange identification,5
dns server using,5
windows boot loader,5
network file transfer,5
non ascii characters,5
bootable usb drive,5
laptop running windows,5
hard drive space,5
remote desktop session,5
program batch file,5
via command prompt,5
virtual desktop windows,5
excel formula calculate,5
set static ip,5
run exe file,5
file directory quot,5
windows ubuntu dual,5
word find replace,5
quot windows quot,5
one interface another,5
file context menu,5
usb power delivery,5
usb wifi dongle,5
multiple hard drives,4
using windows server,4
using ssh key,4
linux virtual machine,4
samba share windows,4
server refused key,4
quot junk quot,4
access hard drive,4
drive external hard,4
err name resolved,4
file recycle bin,4
audio video sync,4
file directory error,4
dns server windows,4
boot linux mint,4
power supply usb,4
windows cmd prompt,4
let encrypt certificate,4
audio using ffmpeg,4
dns probe finished,4
keys stopped working,4
using task scheduler,4
date amp time,4
windows update kb,4
copy file folder,4
data validation list,4
sata hard drive,4
without port forwarding,4
quot yes quot,4
quot gt quot,4
quot internet quot,4
ip address lan,4
unix domain socket,4
external hard drives,4
google chrome extension,4
middle mouse button,4
quot found quot,4
critical process died,4
gb ram modules,4
visual studio community,4
ip address network,4
external command operable,4
right click windows,4
quot folder windows,4
vlc command line,4
bootable windows usb,4
ip address home,4
file command line,4
google chrome windows,4
new pc build,4
windows screen keyboard,4
shows black screen,4
os virtual box,4
disabling secure boot,4
windows blue screen,4
windows system image,4
date modified quot,4
windows system partition,4
goes sleep mode,4
quot hosts quot,4
ssh copy id,4
linux amp windows,4
right click gt,4
reset pc quot,4
non root users,4
external usb drive,4
possible use laptop,4
windows works fine,4
etc network interfaces,4
bottom right corner,4
outside local network,4
videos using ffmpeg,4
boot dual boot,4
boot device missing,4
external ip address,4
new windows install,4
windows disk management,4
without using external,4
ssh reverse tunnel,4
custom linux kernel,4
raspberry pi zero,4
partition hard drive,4
managed organization quot,4
raspberry pi wifi,4
menu right click,4
task manager showing,4
count number times,4
outlook pst file,4
portable hard drive,4
task manager show,4
run windows update,4
hyper virtual machine,4
task manager performance,4
monitor via usb,4
running batch file,4
file system without,4
running docker container,4
keyboard stopped working,4
microsoft windows currentversion,4
machine local network,4
error trying run,4
custom keyboard shortcut,4
ssl certificate error,4
system found quot,4
client loop send,4
system files windows,4
via bash script,4
pages per sheet,4
keep cell blank,4
windows time sync,4
multiple audio tracks,4
crashes black screen,4
keyboard shortcut open,4
boot usb stick,4
quot sign quot,4
windows device manager,4
slow file transfer,4
file history backup,4
kali linux live,4
ffmpeg batch file,4
quot type quot,4
keyboard repeat rate,4
ffmpeg command line,4
task scheduler running,4
windows terminal open,4
file explorer search,4
quot quot symbol,4
web server using,4
moving copying files,4
devices connected router,4
win task scheduler,4
windows taskbar icon,4
windows file system,4
get ip address,4
machine host machine,4
batch file powershell,4
mx master mouse,4
non admin users,4
lenovo ideapad flex,4
gives permission denied,4
copying large file,4
failed connect bus,4
ipv link local,4
quot new quot,4
frame rate without,4
new windows terminal,4
find quot command,4
identification read connection,4
dpc watchdog violation,4
quot parent quot,4
port remote server,4
raspberry pi using,4
raspberry pi vpn,4
windows explorer quot,4
possible create windows,4
running raspberry pi,4
ssh key authentication,4
fails error quot,4
luks encrypted partition,4
download windows iso,4
real time protection,4
standard user account,4
realtek audio driver,4
quot quot google,4
ssh windows wsl,4
quot quot end,4
value one cell,4
switching virtual desktop,4
quot quick access,4
data another sheet,4
allocation unit size,4
quot pc restart,4
quot reset pc,4
desktop window manager,4
google compute engine,4
windows partition using,4
windows new ssd,4
windows vm running,4
tpm secure boot,4
connected via ethernet,4
wi fi via,4
vpn home network,4
windows shared folder,4
user folder name,4
public key authentication,4
command prompt powershell,4
mouse button control,4
public ip addresses,4
lt username gt,4
share internet connection,4
windows pc connect,4
connect via ssh,4
laptop lid closed,4
every time open,4
folder name file,4
connect two routers,4
logitech mx master,4
chrome address bar,4
bitlocker recovery key,4
every time turn,4
working mac os,4
connected via vpn,4
grub command line,4
black screen windows,4
dynamic ip address,4
even though set,4
internal hard disk,4
macbook pro inch,4
usb drive windows,4
regular expression match,4
windows macbook pro,4
operating system quot,4
certain time day,4
script copy files,4
operable program batch,4
windows media creation,4
apps amp features,4
execute binary file,4
windows microsoft account,4
command operable program,4
windows mobile hotspot,4
change background color,4
putty fatal error,4
usb hard disk,4
mac os mojave,4
windows usb stick,4
mp using ffmpeg,4
wifi access point,4
set default browser,4
remote desktop client,4
usb mass storage,4
excel count number,4
files older days,4
install ubuntu windows,4
hh mm ss,4
flash drive windows,4
windows using keyboard,4
secure boot bios,4
two static ips,4
high ram usage,4
open windows terminal,4
windows search indexer,4
wan port router,4
two excel files,4
hard drive linux,4
hkey local machine,4
use conditional formatting,4
windows right click,4
excel array formula,4
multiple selected files,4
two ip addresses,4
windows safe mode,4
two monitors one,4
encoding using ffmpeg,4
two routers connected,4
loop send disconnect,4
excel formula check,4
play audio file,4
compare two excel,4
conditional formatting excel,4
usb port power,4
hard drive partition,4
files google drive,4
mapped network drive,4
connect raspberry pi,4
hard drive usb,4
working dual boot,4
change windows default,4
change windows display,4
host game server,4
usb serial device,4
inside docker container,4
xbox game bar,4
set environment variable,4
trying boot usb,4
adobe acrobat pro,4
open device manager,4
opening new tab,4
adobe acrobat dc,4
install windows server,4
excel formula sum,4
install windows linux,4
conditional formatting highlight,4
grub dual boot,4
line text file,4
driver power state,4
usb device windows,4
google nest wifi,4
mail recipient quot,4
format sd card,4
even though disabled,4
bluetooth device windows,4
windows ssh server,4
start menu open,4
even safe mode,4
using filter complex,4
windows subsystem android,4
quot connection quot,4
pc restart quot,4
quot bad quot,4
default search engine,4
windows installation usb,4
access web server,4
windows keyboard shortcut,4
device manager windows,4
screen goes black,4
blue screen error,4
device missing boot,4
windows storage spaces,4
quot error message,4
azure active directory,4
link local address,4
windows without admin,4
scheduled task windows,4
quot error quot,4
self signed root,4
oracle vm virtualbox,4
regex select everything,4
google search results,4
self signed ssl,4
xfs file system,4
quot desktop quot,4
uefi secure boot,4
acrobat pro dc,4
dual boot laptop,4
quot details quot,4
nvidia control panel,4
macbook pro quot,4
command line batch,4
batch rename multiple,4
usage task manager,4
comma seperated values,4
known hosts file,4
stuck loading screen,4
kvm virtual machine,4
windows windows upgrade,4
quot ctrl quot,4
vmware workstation vm,4
pressing shift key,4
one computer another,4
name quot quot,4
hp proliant ml,4
dual boot machine,4
boot windows machine,3
system quot process,3
raspberry pi network,3
supply usb port,3
raspberry pi compute,3
reduce file size,3
boot configuration data,3
force windows use,3
boot windows linux,3
batch file without,3
without apple id,3
dell xps laptop,3
dell xps boot,3
memory management bsod,3
beginning end video,3
opening new window,3
subsystem linux wsl,3
starts quot quot,3
boot device failed,3
cur dts invalid,3
reset bios password,3
laptop second monitor,3
deleting windows old,3
start end date,3
laptop screen turns,3
wsl ubuntu windows,3
vs code terminal,3
finished run module,3
laptop touchpad working,3
across multiple columns,3
find replace quot,3
fix error quot,3
boot windows windows,3
open text file,3
desktop connections windows,3
wan side router,3
bootable device found,3
days hours minutes,3
desktop environment ubuntu,3
removing dual boot,3
open save dialog,3
letter quot quot,3
module wait till,3
formatting usb drive,3
format usb drive,3
wsl gui app,3
formatting based cell,3
bootable medium found,3
crystal disk info,3
os dual boot,3
one two monitors,3
ssh socks proxy,3
gateway ip address,3
ssh server windows,3
one time password,3
ddr mhz ram,3
bin usr bin,3
suddenly stop working,3
wear leveling count,3
system windows linux,3
laptop via usb,3
bios external monitor,3
open file dialog,3
keyboard mouse working,3
wait till finished,3
bios admin password,3
force windows always,3
large amount files,3
ctrl shift enter,3
system tray icon,3
open file location,3
boot bootable usb,3
large file usb,3
system tray notification,3
descriptor request failed,3
open file quot,3
system tray windows,3
boot black screen,3
bind dns server,3
launch windows terminal,3
system usb boot,3
one user account,3
modem router access,3
remote desktop via,3
boot manager windows,3
lenovo thinkpad laptop,3
virtualbox shared folders,3
data another column,3
folder view settings,3
folder using command,3
found quot quot,3
regex select delete,3
macrium reflect free,3
black screen login,3
black screen death,3
delete files windows,3
boot partition windows,3
boot pop os,3
black screen boot,3
media player classic,3
virtual usb drive,3
fresh install windows,3
found processing input,3
boot live usb,3
device descriptor request,3
delete folder quot,3
fresh windows install,3
request failed channel,3
read text file,3
devices local network,3
media file without,3
virtualbox guest ubuntu,3
current keyboard layout,3
regex select words,3
data google chrome,3
data found processing,3
start menu working,3
randomly stops working,3
left mouse button,3
data multiple columns,3
stuck grub rescue,3
free space quot,3
boot manager bios,3
way prevent windows,3
virtualbox shared folder,3
one specific website,3
boot next phase,3
alt tab quot,3
find os partition,3
realtek hd audio,3
wrong ip address,3
string text file,3
laptop cpu runs,3
operating system windows,3
left ctrl left,3
boot option quot,3
folder windows server,3
device connected via,3
multiple files multiple,3
default gateway home,3
default font size,3
laptop lid opened,3
folder name without,3
system dual boot,3
find files quot,3
mojave big sur,3
default audio device,3
remote computer using,3
default app open,3
virtualization enabled bios,3
openssh server windows,3
remote desktop connect,3
block device linux,3
start menu icon,3
multiple ssh keys,3
folder google drive,3
remote desktop mac,3
monitor goes black,3
boot usb drive,3
vs code extensions,3
system image backup,3
formulas one cell,3
remote desktop protocol,3
remote desktop using,3
rd party software,3
laptop keyboard working,3
keyboard shortcut switching,3
custom resolution windows,3
keyboard shortcuts working,3
openvpn server windows,3
folder start menu,3
virtualbox vm windows,3
read connection reset,3
multiple files different,3
laptop hdmi port,3
boot hard drive,3
full disk encryption,3
start windows service,3
default dns server,3
keyboard shortcut toggle,3
force dark mode,3
find html tags,3
refresh rate display,3
stacked bar chart,3
date format excel,3
stacked area chart,3
devices wifi network,3
vpn kill switch,3
multiple lines text,3
wsl ubuntu lts,3
remote desktop connections,3
text csv file,3
active directory users,3
ms sql server,3
connect home network,3
installed microsoft store,3
connect local network,3
change windows password,3
hard drives one,3
hard drive using,3
use virtual machine,3
use wi fi,3
connect public ip,3
hard drive shows,3
hard drive recovery,3
hard drive partitions,3
hard drive new,3
hard drive mount,3
ms word change,3
hard drive laptop,3
mapping network drive,3
hard drive keep,3
connect synology nas,3
connect two devices,3
connect two monitors,3
ms word equation,3
connect two windows,3
pi compute module,3
tray notification area,3
user account control,3
use ssh key,3
computer keeps restarting,3
ms excel vba,3
ping google com,3
profile windows terminal,3
program files folder,3
make windows show,3
word mail merge,3
many small files,3
program via powershell,3
programdata microsoft windows,3
conditional formatting multiple,3
install windows onto,3
changing mac address,3
install windows usb,3
trying port forward,3
install wsl windows,3
hdmi vga adapter,3
use quot quot,3
changing boot order,3
use remote desktop,3
use reverse proxy,3
trigger task scheduler,3
hash sum mismatch,3
change mouse cursor,3
change language windows,3
