Tags,Meaning
fridaysforfuture, fridaysforfuture school strike climate swedish also known variously fridays future fff youth climate climate strike youth strike climate international movement school students skip friday classes participate demonstrations demand action political leaders prevent climate change fossil fuel industry transition renewable energy publicity widespread organising began swedish pupil greta thunberg staged protest august number outside swedish riksdag parliament holding sign read skolstrejk för klimatet school strike climate global strike number march number gathered one million strikers number number strikes organised number countries number may number second glo
climatestrike, climatestrike school strike climate swedish also known variously fridays future fff youth climate climate strike youth strike climate international movement school students skip friday classes participate demonstrations demand action political leaders prevent climate change fossil fuel industry transition renewable energy
climateaction, climateaction climate action climate change action refers range activities mechanisms policy instruments forth aim reduce severity human induced climate change impacts climate action central demand climate movement
climatecrisis, climatecrisis climate crisis term describing global warming climate change impacts term used describe threat global warming planet urge aggressive climate change mitigation
climatechange, climatechange contemporary climate change includes global warming impacts earth weather patterns previous periods climate change current changes distinctly rapid due natural causes
climateemergency, climateemergency climate emergency climate crisis characterization climate change climate emergency declaration public declaration state climate emergency
fff, fff fridays future
gretathunberg, gretathunberg greta tintin eleonora ernman thunberg swedish born number january number swedish environmental activist known challenging world leaders take immediate action climate change mitigation thunberg activism began persuaded parents adopt lifestyle choices reduced carbon footprint
climatestrikeonline, climatestrikeonline online event climate strike
climatejustice, climatejustice climate justice concept addresses division fair sharing equitable distribution benefits burdens climate change responsibilities deal climate change justice fairness equity completely identical family related terms often used interchangeably negotiations politics
extinctionrebellion, extinctionrebellion extinction rebellion abbreviated xr global environmental movement stated aim using nonviolent civil disobedience compel government action avoid tipping points climate system biodiversity loss risk social ecological collapse
climateactionnow, climateactionnow somethings clima immediately
climate, climate climate long term weather pattern area typically averaged number years rigorously mean variability meteorological variables time spanning months millions years meteorological variables commonly measured temperature humidity atmospheric pressure wind precipitation broader sense climate state components climate system including atmosphere hydrosphere cryosphere lithosphere biosphere interactions
fridaymotivation, fridaymotivation day event usually takes place motivation slogan fridays future
facetheclimateemergency, facetheclimateemergency slogan fridays future
fridayfeeling, fridayfeeling friday feeling vibes positive slogan
actnow, actnow somethings clima immediately act
globalclimatestrike, globalclimatestrike global climate strike annual event worldwide climate strike occurring number november number parallel number united nations climate change conference
digitalstrike, digitalstrike online strike remote device pc phone digital
fridaythoughts, fridaythoughts things friday day strike
co2, co2 carbon dioxide chemical formula conumber chemical compound occurring colorless gas density number higher dry air carbon dioxide molecules consist carbon atom covalently double bonded two oxygen atoms occurs naturally earth atmosphere trace gas
uprootthesystem, uprootthesystem uproot system specific way changing system change system tackle roots beginning roots capitalism imperialism
cop26, cop26 number united nations climate change conference commonly referred copnumber number th united nations climate change conference held sec centre glasgow scotland united kingdom number october number november number president conference uk cabinet minister alok sharma
sustainability, sustainability sustainability societal goal broadly aims humans safely co exist planet earth long time specific definitions sustainability difficult agree therefore vary literature time
nomoreemptypromises, nomoreemptypromises song slogan promise statement make person say definitely something give something
fridayvibes, fridayvibes friday vibes day event positive positive energy
peoplenotprofit, peoplenotprofit increase people profits
berlin, berlin berlin capital largest city germany area population number number million inhabitants make european union populous city according population within city limits one germany sixteen constituent states berlin surrounded state brandenburg contiguous potsdam brandenburg capital
actonclimate, actonclimate take action something prevent climate change
covid19, covid19 coronavirus disease number covid number contagious disease caused virus severe acute respiratory syndrome coronavirus number sars cov number first known case identified wuhan china december number disease quickly spread worldwide resulting covid number pandemic
india, india india officially republic india hindi bhārat gaṇarājya country south asia seventh largest country area second populous country populous democracy world
environment, environment natural environment living non living things occurring naturally biophysical environment physical biological factors along chemical interactions affect organism group organisms
fightfor1point5, fightfor1point5 little number years ago world leaders made commitment keep temperature rise due climate crisis within number number ºc least well number hectares c signing paris agreement european states promised implement policies reduce greenhouse gas production number number levels despite fact objective satisfactory however long way achieving much many countries fewer means less responsibility part eu working much harder combat climate change
greennewdeal, greennewdeal green new deal gnd proposals call public policy address climate change along achieving social aims like job creation reducing economic inequality name refers back new deal set social economic reforms public works projects undertaken president franklin roosevelt response great depression green new deal combines roosevelt economic approach modern ideas renewable energy resource efficiency
carbon, carbon carbon latin carbo coal chemical element symbol c atomic number number nonmetallic tetravalent—making four electrons available form covalent chemical bonds belongs group number periodic table carbon makes number number percent earth crust
nature, nature nature broadest sense physical world universe nature refer phenomena physical world also life general study nature large part science although humans part nature human activity often understood separate category natural phenomena word nature borrowed old french nature derived latin word natura essential qualities innate disposition ancient times literally meant birth
energytransition, energytransition energy transition ongoing process replacing fossil fuels low carbon energy sources generally energy transition significant structural change energy system regarding supply consumption
globalwarming, globalwarming contemporary climate change includes global warming impacts earth weather patterns previous periods climate change current changes distinctly rapid due natural causes instead caused emission greenhouse gases mostly carbon dioxide conumber methane burning fossil fuels energy use creates emissions certain agricultural practices industrial processes forest loss additional sources name suggests gases trap heat sunlight near earth’s surface warming time
cop25, cop25 number united nations climate change conference also known copnumber number th united nations climate change conference held madrid spain number number december number presidency chilean government
renewableenergy, renewableenergy renewable energy energy collected renewable resources naturally replenished human timescale includes sources sunlight wind rain tides waves geothermal heat although renewable energy sources sustainable
cleanenergy, cleanenergy energy sustainable meets needs present without compromising ability future generations meet needs definitions sustainable energy include considerations environmental aspects greenhouse gas emissions social economic aspects energy poverty
coronavirus, coronavirus coronaviruses group related rna viruses cause diseases mammals birds humans birds cause respiratory tract infections range mild lethal mild illnesses humans include cases common cold also caused viruses predominantly rhinoviruses lethal varieties cause sars mers covid number causing ongoing pandemic cows pigs cause diarrhea mice cause hepatitis encephalomyelitis
energy, energy physics energy quantitative property transferred body physical system recognizable performance work form heat light energy conserved quantity law conservation energy states energy converted form created destroyed unit measurement international system units si energy joule energy transferred object work moving distance one metre force one newton
pollution, pollution pollution introduction contaminants natural environment cause adverse change pollution take form substance solid liquid gas energy radioactivity heat sound light pollutants components pollution either foreign substances energies naturally occurring contaminants although environmental pollution caused natural events word pollution generally implies contaminants anthropogenic source – source created human activities
hamburg, hamburg hamburg locally also officially free hanseatic city hamburg german freie und hansestadt hamburg low saxon friee un hansestadt hamborg second largest city germany berlin well overall number th largest city largest non capital city european union population number number million
science, science science systematic enterprise builds organizes knowledge form testable explanations predictions universe earliest roots history science traced ancient egypt mesopotamia around number number bce contributions mathematics astronomy medicine entered shaped greek natural philosophy classical antiquity whereby formal attempts made provide explanations events physical world based natural causes
vegan, vegan veganism practice abstaining use animal products particularly diet associated philosophy rejects commodity status animals individual follows diet philosophy known vegan distinctions may made several categories veganism
art, art art diverse range human activity resulting product involves creative imaginative talent expressive technical proficiency beauty emotional power conceptual ideas generally agreed definition constitutes art interpretation varied greatly throughout history across cultures
earth, earth earth third planet sun astronomical object known harbor life large volumes water found throughout solar system earth sustains liquid surface water number earth surface made ocean dwarfing earth polar ice lakes rivers remaining number earth surface land consisting continents islands
future, future future time past present arrival considered inevitable due existence time laws physics due apparent nature reality unavoidability future everything currently exists exist categorized either permanent meaning exist forever temporary meaning end
wind, wind wind natural movement air gases relative planet surface winds occur range scales thunderstorm flows lasting tens minutes local breezes generated heating land surfaces lasting hours global winds resulting difference absorption solar energy climate zones earth
fossilfuels, fossilfuels fossil fuel hydrocarbon containing material formed naturally earth crust remains dead plants animals extracted burned fuel main fossil fuels coal crude oil natural gas fossil fuels may burned provide heat use directly cooking heating power engines internal combustion engines motor vehicles generate electricity
planet, planet planet large rounded astronomical body neither star remnant best available theory planet formation nebular hypothesis posits interstellar cloud collapses nebula create young protostar orbited protoplanetary disk planets grow disk gradual accumulation material driven gravity process called accretion
canada, canada canada country north america ten provinces three territories extend atlantic ocean pacific ocean northward arctic ocean covering number number million square kilometres number number million square miles making world second largest country total area southern western border united states stretching number number kilometres number number mi world longest binational land border canada capital ottawa three largest metropolitan areas toronto montreal vancouver
schoolstrikeforclimate, schoolstrikeforclimate school strike climate swedish also known variously fridays future fff youth climate climate strike youth strike climate international movement school students skip friday classes participate demonstrations demand action political leaders prevent climate change fossil fuel industry transition renewable energy
water, water water chemical formula hnumber inorganic transparent tasteless odorless nearly colorless chemical substance main constituent earth hydrosphere fluids known living organisms acts solvent vital known forms life even though provides neither food energy organic micronutrients chemical formula hnumber indicates molecules contains one oxygen two hydrogen atoms connected covalent bonds hydrogen atoms attached oxygen atom angle number number ° water also name liquid state hnumber standard temperature pressure
parisagreement, parisagreement paris agreement french accord de paris often referred paris accords paris climate accords international treaty climate change adopted number covers climate change mitigation adaptation finance agreement negotiated number parties number united nations climate change conference near paris france
milano, milano milan us also lombard miˈlãː listen italian milano miˈlaːno listen city northern italy capital lombardy second populous city proper italy rome city proper population number number million metropolitan city number number million inhabitants continuously built urban area whose outer suburbs extend well beyond boundaries administrative metropolitan city even stretch nearby country switzerland fourth largest eu number number million inhabitants
globalcrisis, globalcrisis global catastrophic risk doomsday scenario hypothetical future event could damage human well global scale even endangering destroying modern civilization event could cause human extinction permanently drastically curtail humanity potential known existential risk
israel, israel israel hebrew יִשְׂרָאֵל romanized yīsrāʾēl arabic إِسْرَائِيل romanized ʾisrāʾīl officially state israel מְדִינַת יִשְׂרָאֵל medīnat yīsrāʾēl دَوْلَة إِسْرَائِيل dawlat ʾisrāʾīl country western asia situated southeastern shore mediterranean sea northern shore red sea shares borders lebanon north syria northeast jordan east egypt southwest also bordered palestinian territories west bank gaza strip east west respectively
roma, roma rome italian latin roma ˈroːma listen capital city italy also capital lazio region centre metropolitan city rome special comune named comune di roma capitale number number number residents number number kmnumber number number sq mi number rome countrys populated comune third populous city european union population within city limits
diesel, diesel diesel engine named rudolf diesel internal combustion engine ignition fuel caused elevated temperature air cylinder due mechanical compression thus diesel engine called compression ignition engine ci engine contrasts engines using spark plug ignition air fuel mixture petrol engine gasoline engine gas engine using gaseous fuel like natural gas liquefied petroleum gas
siemens, siemens siemens ag german pronunciation ˈziːməns listen mɛns german multinational conglomerate corporation largest industrial manufacturing company europe headquartered munich branch offices abroad
youthforclimate, youthforclimate publicity widespread organising began swedish pupil greta thunberg staged protest august number outside swedish riksdag parliament holding sign read skolstrejk för klimatet school strike climate global strike number march number gathered one million strikers number number strikes organised number countries number may number second glo
plasticpollution, plasticpollution plastic pollution accumulation plastic objects particles e g plastic bottles bags microbeads earth environment adversely affects humans wildlife habitat plastics act pollutants categorized size micro meso macro debris plastics inexpensive durable making adaptable different uses result manufacturers choose use plastic materials
davos, davos davos uk us german daˈfoːs daˈvoːs listen romansh tavau archaic italian tavate alpine resort town municipality prättigau davos region canton graubünden switzerland permanent population number number number davos located river landwasser rhaetian alps plessur albula ranges
suv, suv sport utility vehicle suv car classification combines elements road going passenger cars features road vehicles raised ground clearance four wheel drive
atomkraft, atomkraft atomkraft english speed metal band newcastle part new wave british heavy metal movement formed number disbanded number reformed number total metal approach somewhere fellow nwobhm bands motörhead venom punk rock bands dickies early exodus slayer
ilmastolakko, ilmastolakko school strike climate swedish skolstrejk för klimatet also known variously fridays future fff youth climate climate strike youth strike climate international movement school students skip friday classes participate demonstrations demand action political leaders prevent climate change fossil fuel industry transition renewable energy
uk, uk united kingdom great britain northern ireland commonly known united kingdom uk britain sovereign country europe north western coast continental mainland comprises england wales scotland northern ireland united kingdom includes island great britain north eastern part island ireland many smaller islands within british isles
ghg, ghg greenhouse gas ghg ghg gas absorbs emits radiant energy within thermal infrared range causing greenhouse effect primary greenhouse gases earth atmosphere water vapor hnumber carbon dioxide conumber methane chnumber nitrous oxide nnumber ozone onumber without greenhouse gases average temperature earth surface would −number °c number °f rather present average number °c number °f atmospheres venus mars titan also contain greenhouse gases
basilicata, basilicata basilicata uk us italian baziliˈkaːta also known ancient name lucania also us italian luˈkaːnja administrative region southern italy bordering campania west apulia north east calabria south two coastlines number km stretch tyrrhenian sea campania calabria longer coastline along gulf taranto calabria apulia region thought instep italy calabria functioning toe apulia heel
london, london london capital largest city england united kingdom population number million stands river thames south east england head number mile number km estuary north sea major settlement two millennia city london ancient core financial centre founded romans londinium retains boundaries close medieval ones
wildlife, wildlife wildlife refers undomesticated animal species come include organisms grow live wild area without introduced humans wildlife also synonymous game birds mammals hunted sport wildlife found ecosystems deserts plains grasslands woodlands forests areas including developed urban areas distinct forms wildlife
justtransition, justtransition transition framework developed trade union movement encompass range social interventions needed secure workers rights livelihoods economies shifting sustainable production primarily combating climate change protecting biodiversity europe advocates transition want unite social climate justice example coal workers coal dependent developing regions lack employment opportunities beyond coal
nrw, nrw north rhine westphalia german nordrhein westfalen pronounced ˌnɔʁtʁaɪn vɛstˈfaːlən listen limburgish noordrien wesfale ˈnoːʀtʀiːn βæsˈfaːlə low german noordrhien westfalen kölsch noodrhing wäßßfaale commonly shortened nrw german ɛnʔɛʁˈveː listen state land western germany number number million inhabitants populous state germany apart city states also densely populated state germany covering area number number square kilometres number number sq mi fourth largest german state size
floods, floods flood overflow water rarely fluids submerges land usually dry sense flowing water word may also applied inflow tide floods area study discipline hydrology significant concern agriculture civil engineering public health
nyc, nyc new york often called new york city nyc distinguish state new york populous city united states number population number number number distributed number number square miles number number kmnumber new york city also densely populated major city united states located southern tip state new york city center new york metropolitan area largest metropolitan area world urban area
stopshell, stopshell shell plc british multinational oil gas company headquartered london england number shell public limited company primary listing london stock exchange lse secondary listings euronext amsterdam new york stock exchange one oil gas supermajors revenue profits one largest companies world ranking within top number fortune global number since number
airpollution, airpollution air pollution contamination air due presence substances atmosphere harmful health humans living beings cause damage climate materials many different types air pollutants gases including ammonia carbon monoxide sulfur dioxide nitrous oxides methane carbon dioxide chlorofluorocarbons particulates organic inorganic biological molecules
